{"F_score": 0.007578009785053533, "recall": 0.1801470588235294, "precision": 0.0038704106336062668, "cate_acc": 0.5122131754256106, "x_error_close": 1.055991364610327, "x_error_far": 1.0121766862366781, "z_error_close": 0.3771207097825547, "z_error_far": 0.7284899407280485}